{
 "nodes": [
  [
   -6.2606,
   107.081
  ],
  [
   -6.22939,
   107.08764
  ],
  [
   -6.27295,
   107.01893
  ],
  [
   -6.21838,
   107.12587
  ],
  [
   -6.23934,
   107.09843
  ],
  [
   -6.31776,
   107.11613
  ],
  [
   -6.20317,
   107.05963
  ],
  [
   -6.23105,
   107.1459
  ],
  [
   -6.22781,
   107.13504
  ],
  [
   -6.31335,
   107.11897
  ],
  [
   -6.27145,
   107.03725
  ],
  [
   -6.2818,
   107.07534
  ],
  [
   -6.20952,
   107.01613
  ],
  [
   -6.2463,
   107.0316
  ],
  [
   -6.22304,
   107.10563
  ],
  [
   -6.27236,
   107.11427
  ],
  [
   -6.30046,
   107.14545
  ]
 ],
 "distances_km": [
  [
   0.0,
   5.1476999999999995,
   11.531799999999999,
   9.1395,
   4.7918,
   12.2388,
   13.9687,
   12.881,
   13.5882,
   18.1341,
   8.1577,
   6.8372,
   16.2469,
   9.8639,
   6.8405,
   7.2571,
   12.710799999999999
  ],
  [
   5.1749,
   0.0,
   12.9514,
   6.6129,
   4.2038,
   16.602,
   9.5788,
   11.8349,
   10.2506,
   22.4973,
   9.5773,
   11.200299999999999,
   11.6279,
   11.2835,
   4.313899999999999,
   11.6202,
   17.073900000000002
  ],
  [
   11.0529,
   12.5876,
   0.0,
   19.3807,
   15.033,
   17.297,
   11.5259,
   21.373099999999997,
   22.0802,
   22.5093,
   6.7468,
   8.686399999999999,
   10.3478,
   4.4162,
   17.0817,
   15.7492,
   18.595299999999998
  ],
  [
   9.1395,
   6.5935,
   19.8595,
   0.0,
   6.9947,
   20.566599999999998,
   13.3683,
   11.2553,
   10.1533,
   20.805799999999998,
   16.4855,
   15.165,
   19.8386,
   18.1917,
   2.5930999999999997,
   15.5848,
   14.281600000000001
  ],
  [
   4.7946,
   4.193899999999999,
   15.514700000000001,
   6.9976,
   0.0,
   16.221700000000002,
   11.3954,
   16.8639,
   10.635299999999999,
   22.117099999999997,
   12.140600000000001,
   10.8201,
   20.2298,
   13.8468,
   4.698600000000001,
   11.24,
   16.6937
  ],
  [
   13.1837,
   17.519599999999997,
   16.9459,
   21.5115,
   17.163700000000002,
   0.0,
   28.192,
   15.4092,
   16.1163,
   2.075,
   14.6706,
   9.113100000000001,
   24.6918,
   18.7603,
   19.2125,
   8.0274,
   7.6292
  ],
  [
   13.2259,
   9.4977,
   11.5366,
   13.344899999999999,
   11.3691,
   24.6881,
   0.0,
   15.6329,
   14.530899999999999,
   29.4381,
   12.8013,
   13.7375,
   6.9368,
   7.636699999999999,
   11.0459,
   19.352700000000002,
   25.1601
  ],
  [
   13.4825,
   17.8184,
   21.5733,
   11.2553,
   17.4625,
   16.8448,
   15.6563,
   0.0,
   3.3943000000000003,
   16.840400000000002,
   18.1993,
   14.9869,
   26.2885,
   19.9055,
   11.194700000000001,
   9.8049,
   10.3162
  ],
  [
   14.1896,
   14.0931,
   22.2805,
   10.1533,
   14.494299999999999,
   17.5519,
   14.5543,
   3.3943000000000003,
   0.0,
   17.5476,
   18.9064,
   15.694,
   26.9956,
   20.612599999999997,
   10.0927,
   10.5121,
   11.023399999999999
  ],
  [
   17.8684,
   22.2044,
   19.1369,
   26.1962,
   21.8485,
   3.5906,
   26.2126,
   17.323700000000002,
   18.030900000000003,
   0.0,
   16.8616,
   15.412,
   26.882900000000003,
   20.9513,
   23.8972,
   12.712200000000001,
   7.7605
  ],
  [
   8.352,
   9.8868,
   6.7023,
   16.6798,
   12.3321,
   13.626,
   12.3536,
   18.6722,
   19.3794,
   18.8383,
   0.0,
   5.367100000000001,
   13.732299999999999,
   8.2488,
   14.380799999999999,
   11.1782,
   15.2759
  ],
  [
   4.5265,
   8.8624,
   8.6636,
   12.8542,
   8.5065,
   8.6866,
   13.5131,
   14.027700000000001,
   14.7349,
   9.942200000000001,
   5.3682,
   0.0,
   15.6936,
   9.4084,
   10.555299999999999,
   6.6476999999999995,
   10.7454
  ],
  [
   15.4556,
   10.9351,
   9.6015,
   19.145,
   19.435599999999997,
   25.133599999999998,
   6.3108,
   25.7758,
   20.331,
   31.0289,
   12.966899999999999,
   14.906600000000001,
   0.0,
   7.0565,
   16.846,
   20.151799999999998,
   25.6056
  ],
  [
   9.6757,
   11.2104,
   4.803,
   18.0035,
   13.655700000000001,
   19.3537,
   8.0482,
   19.995900000000002,
   20.703,
   25.249,
   8.1684,
   10.1081,
   7.6312,
   0.0,
   15.7045,
   14.3719,
   19.8257
  ],
  [
   6.8405,
   4.2945,
   17.560599999999997,
   2.5930999999999997,
   4.6956999999999995,
   18.267599999999998,
   11.0693,
   11.194700000000001,
   10.0927,
   24.1629,
   14.1865,
   12.866,
   17.5397,
   15.892700000000001,
   0.0,
   13.2859,
   18.7396
  ],
  [
   7.6097,
   11.9457,
   15.7006,
   15.9375,
   11.589799999999999,
   7.556100000000001,
   19.071,
   9.6025,
   10.3096,
   8.8117,
   12.3265,
   6.6502,
   20.4157,
   14.0328,
   13.6385,
   0.0,
   8.0281
  ],
  [
   12.2262,
   16.562099999999997,
   18.648400000000002,
   20.553900000000002,
   16.2062,
   6.5466999999999995,
   23.9202,
   11.6815,
   12.3886,
   6.5424,
   14.375200000000001,
   9.7697,
   25.0321,
   18.6492,
   18.255,
   7.0699,
   0.0
  ]
 ],
 "durations_s": [
  [
   0,
   499.8,
   678.4,
   872.8,
   465,
   1160.8,
   1202.6,
   971.1,
   1013.3,
   1324.3,
   634.3,
   507.3,
   1129.4,
   708.5,
   609.2,
   700.8,
   818
  ],
  [
   507.1,
   0,
   878.4,
   635.8,
   446.6,
   1469.5,
   899.8,
   1273.7,
   1169.1,
   1633,
   834.3,
   816,
   1205.4,
   908.5,
   372.2,
   1009.5,
   1126.7
  ],
  [
   653.2,
   847.8,
   0,
   1321.1,
   913.3,
   1372.9,
   1076.2,
   1271.8,
   1314,
   1458.8,
   496.3,
   615.3,
   791.7,
   409.1,
   1057.5,
   1001.5,
   1081.4
  ],
  [
   869.7,
   632.6,
   1349.7,
   0,
   724.8,
   1832.1,
   1190.5,
   1082.9,
   976.1,
   1955.8,
   1305.6,
   1178.6,
   1653,
   1379.8,
   291.7,
   1372.1,
   1397.1
  ],
  [
   461.1,
   430,
   941.1,
   717.7,
   0,
   1423.5,
   1084.4,
   1233.8,
   1251,
   1587,
   897,
   770,
   1392.1,
   971.2,
   454.1,
   963.5,
   1080.7
  ],
  [
   1249.7,
   1544.6,
   1301.5,
   1917.6,
   1509.8,
   0,
   1930.9,
   1525.9,
   1568.1,
   381.2,
   1359.6,
   990.7,
   1910.7,
   1528.1,
   1654,
   1098,
   645.5
  ],
  [
   1157.1,
   869.6,
   1081.7,
   1174.7,
   1069.1,
   1915.3,
   0,
   1423.3,
   1316.5,
   1989,
   1184.7,
   1278.4,
   767,
   910.2,
   911.1,
   1419,
   1579.6
  ],
  [
   1013.4,
   1308.3,
   1291.6,
   1099.5,
   1273.5,
   1476.3,
   1449.2,
   0,
   672.9,
   1514.8,
   1247.5,
   1039.2,
   1742.6,
   1321.7,
   978.8,
   991.7,
   956.1
  ],
  [
   1052.4,
   1204.4,
   1330.6,
   984.2,
   1296.6,
   1515.3,
   1333.9,
   657.7,
   0,
   1553.8,
   1286.5,
   1078.2,
   1781.6,
   1360.7,
   863.5,
   1030.7,
   995.1
  ],
  [
   1343.9,
   1638.8,
   1241.2,
   2011.8,
   1604,
   566.1,
   1861.7,
   1602.3,
   1644.5,
   0,
   1299.3,
   1133.8,
   1850.4,
   1467.8,
   1748.2,
   1198.9,
   679.7
  ],
  [
   648.5,
   843.1,
   507.1,
   1316.4,
   908.6,
   1318.9,
   1176.3,
   1267.1,
   1309.3,
   1404.8,
   0,
   513.9,
   1059.9,
   682.2,
   1052.8,
   988.5,
   980
  ],
  [
   425.6,
   720.5,
   532.6,
   1093.5,
   685.7,
   950.4,
   1162.9,
   966.5,
   1008.7,
   1116,
   424,
   0,
   1085.4,
   668.8,
   829.9,
   648.2,
   639.7
  ],
  [
   1054.1,
   1113.7,
   783.3,
   1578.5,
   1314.2,
   1862.4,
   710.7,
   1672.7,
   1720.3,
   2025.9,
   1046.1,
   1165.1,
   0,
   675.1,
   1314.9,
   1402.4,
   1519.6
  ],
  [
   679.3,
   873.9,
   410.2,
   1347.2,
   939.4,
   1487.6,
   907.6,
   1297.9,
   1340.1,
   1651.1,
   681.3,
   800.3,
   732,
   0,
   1083.6,
   1027.6,
   1144.8
  ],
  [
   605,
   367.9,
   1085,
   294.7,
   460.1,
   1567.4,
   925.8,
   971.3,
   864.5,
   1730.9,
   1040.9,
   913.9,
   1388.3,
   1115.1,
   0,
   1107.4,
   1224.6
  ],
  [
   733.2,
   1028.1,
   1011.4,
   1401.1,
   993.3,
   1050.4,
   1425.5,
   987.9,
   1030.1,
   1216,
   967.3,
   653.5,
   1462.4,
   1041.5,
   1137.5,
   0,
   714.7
  ],
  [
   805.3,
   1100.2,
   972.3,
   1473.2,
   1065.4,
   532.7,
   1525.8,
   1063.7,
   1105.9,
   571.2,
   932.7,
   595.2,
   1534.5,
   1113.6,
   1209.6,
   660.3,
   0
  ]
 ],
 "source": "OSRM /table driving (public server)"
}